bank_transaction_id,invoice_id,matched_amount,payment_application_id,payment_id,status
5,INV-2022-0001,802.000000,PAPP-2022-0001,PAY-2022-0001,matched
,INV-2022-0002,3403.000000,PAPP-2022-0002,PAY-2022-0002,partially_matched
6,INV-2022-0003,970.000000,PAPP-2022-0003,PAY-2022-0003,matched
7,INV-2022-0004,888.000000,PAPP-2022-0004,PAY-2022-0004,matched
8,INV-2022-0005,821.000000,PAPP-2022-0005,PAY-2022-0005,matched
10,INV-2022-0006,787.000000,PAPP-2022-0006,PAY-2022-0006,matched
11,INV-2022-0007,1059.000000,PAPP-2022-0007,PAY-2022-0007,matched
12,INV-2022-0008,849.000000,PAPP-2022-0008,PAY-2022-0008,matched
14,INV-2022-0009,1113.000000,PAPP-2022-0009,PAY-2022-0009,matched
15,INV-2022-0010,891.000000,PAPP-2022-0010,PAY-2022-0010,matched
16,INV-2022-0011,860.000000,PAPP-2022-0011,PAY-2022-0011,matched
17,INV-2022-0012,721.000000,PAPP-2022-0012,PAY-2022-0012,matched
19,INV-2022-0013,1174.000000,PAPP-2022-0013,PAY-2022-0013,matched
20,INV-2022-0014,869.000000,PAPP-2022-0014,PAY-2022-0014,matched
22,INV-2022-0015,1063.000000,PAPP-2022-0015,PAY-2022-0015,matched
23,INV-2022-0016,1019.000000,PAPP-2022-0016,PAY-2022-0016,matched
24,INV-2022-0017,1184.000000,PAPP-2022-0017,PAY-2022-0017,matched
25,INV-2022-0018,720.000000,PAPP-2022-0018,PAY-2022-0018,matched
26,INV-2022-0019,973.000000,PAPP-2022-0019,PAY-2022-0019,matched
27,INV-2022-0020,1015.000000,PAPP-2022-0020,PAY-2022-0020,matched
28,INV-2022-0021,964.000000,PAPP-2022-0021,PAY-2022-0021,matched
30,INV-2022-0022,791.000000,PAPP-2022-0022,PAY-2022-0022,matched
31,INV-2022-0023,1154.000000,PAPP-2022-0023,PAY-2022-0023,matched
32,INV-2022-0024,963.000000,PAPP-2022-0024,PAY-2022-0024,matched
34,INV-2022-0025,1119.000000,PAPP-2022-0025,PAY-2022-0025,matched
36,INV-2022-0026,1089.000000,PAPP-2022-0026,PAY-2022-0026,matched
37,INV-2022-0027,959.000000,PAPP-2022-0027,PAY-2022-0027,matched
39,INV-2022-0028,917.000000,PAPP-2022-0028,PAY-2022-0028,matched
40,INV-2022-0029,901.000000,PAPP-2022-0029,PAY-2022-0029,matched
41,INV-2022-0030,969.000000,PAPP-2022-0030,PAY-2022-0030,matched
42,INV-2022-0031,970.000000,PAPP-2022-0031,PAY-2022-0031,matched
44,INV-2022-0032,889.000000,PAPP-2022-0032,PAY-2022-0032,matched
45,INV-2022-0033,907.000000,PAPP-2022-0033,PAY-2022-0033,matched
,INV-2022-0034,5779.000000,PAPP-2022-0034,PAY-2022-0034,partially_matched
46,INV-2022-0035,1066.000000,PAPP-2022-0035,PAY-2022-0035,matched
47,INV-2022-0036,1109.000000,PAPP-2022-0036,PAY-2022-0036,matched
48,INV-2022-0037,887.000000,PAPP-2022-0037,PAY-2022-0037,matched
49,INV-2022-0038,740.000000,PAPP-2022-0038,PAY-2022-0038,matched
50,INV-2022-0039,1000.000000,PAPP-2022-0039,PAY-2022-0039,matched
52,INV-2022-0040,1043.000000,PAPP-2022-0040,PAY-2022-0040,matched
53,INV-2022-0041,835.000000,PAPP-2022-0041,PAY-2022-0041,matched
55,INV-2022-0042,780.000000,PAPP-2022-0042,PAY-2022-0042,matched
56,INV-2022-0043,1118.000000,PAPP-2022-0043,PAY-2022-0043,matched
57,INV-2022-0044,960.000000,PAPP-2022-0044,PAY-2022-0044,matched
58,INV-2022-0045,740.000000,PAPP-2022-0045,PAY-2022-0045,matched
59,INV-2022-0046,900.000000,PAPP-2022-0046,PAY-2022-0046,matched
60,INV-2022-0047,1117.000000,PAPP-2022-0047,PAY-2022-0047,matched
62,INV-2022-0048,798.000000,PAPP-2022-0048,PAY-2022-0048,matched
63,INV-2022-0049,913.000000,PAPP-2022-0049,PAY-2022-0049,matched
64,INV-2022-0050,1148.000000,PAPP-2022-0050,PAY-2022-0050,matched
65,INV-2022-0051,1130.000000,PAPP-2022-0051,PAY-2022-0051,matched
66,INV-2022-0052,956.000000,PAPP-2022-0052,PAY-2022-0052,matched
67,INV-2022-0053,954.000000,PAPP-2022-0053,PAY-2022-0053,matched
68,INV-2022-0054,982.000000,PAPP-2022-0054,PAY-2022-0054,matched
69,INV-2022-0055,714.000000,PAPP-2022-0055,PAY-2022-0055,matched
71,INV-2022-0056,878.000000,PAPP-2022-0056,PAY-2022-0056,matched
73,INV-2022-0057,751.000000,PAPP-2022-0057,PAY-2022-0057,matched
74,INV-2022-0058,1087.000000,PAPP-2022-0058,PAY-2022-0058,matched
75,INV-2022-0059,1106.000000,PAPP-2022-0059,PAY-2022-0059,matched
76,INV-2022-0060,842.000000,PAPP-2022-0060,PAY-2022-0060,matched
77,INV-2022-0061,735.000000,PAPP-2022-0061,PAY-2022-0061,matched
78,INV-2022-0062,726.000000,PAPP-2022-0062,PAY-2022-0062,matched
,INV-2022-0063,5579.000000,PAPP-2022-0063,PAY-2022-0063,partially_matched
79,INV-2022-0064,485.000000,PAPP-2022-0064,PAY-2022-0064,matched
80,INV-2022-0065,569.000000,PAPP-2022-0065,PAY-2022-0065,matched
81,INV-2022-0066,533.000000,PAPP-2022-0066,PAY-2022-0066,matched
82,INV-2022-0067,507.000000,PAPP-2022-0067,PAY-2022-0067,matched
84,INV-2022-0068,527.000000,PAPP-2022-0068,PAY-2022-0068,matched
85,INV-2022-0069,747.000000,PAPP-2022-0069,PAY-2022-0069,matched
86,INV-2022-0070,589.000000,PAPP-2022-0070,PAY-2022-0070,matched
88,INV-2022-0071,520.000000,PAPP-2022-0071,PAY-2022-0071,matched
89,INV-2022-0072,632.000000,PAPP-2022-0072,PAY-2022-0072,matched
90,INV-2022-0073,597.000000,PAPP-2022-0073,PAY-2022-0073,matched
91,INV-2022-0074,536.000000,PAPP-2022-0074,PAY-2022-0074,matched
92,INV-2022-0075,624.000000,PAPP-2022-0075,PAY-2022-0075,matched
94,INV-2022-0076,773.000000,PAPP-2022-0076,PAY-2022-0076,matched
95,INV-2022-0077,632.000000,PAPP-2022-0077,PAY-2022-0077,matched
96,INV-2022-0078,717.000000,PAPP-2022-0078,PAY-2022-0078,matched
97,INV-2022-0079,451.000000,PAPP-2022-0079,PAY-2022-0079,matched
98,INV-2022-0080,694.000000,PAPP-2022-0080,PAY-2022-0080,matched
99,INV-2022-0081,512.000000,PAPP-2022-0081,PAY-2022-0081,matched
101,INV-2022-0082,512.000000,PAPP-2022-0082,PAY-2022-0082,matched
102,INV-2022-0083,619.000000,PAPP-2022-0083,PAY-2022-0083,matched
104,INV-2022-0084,784.000000,PAPP-2022-0084,PAY-2022-0084,matched
105,INV-2022-0085,529.000000,PAPP-2022-0085,PAY-2022-0085,matched
106,INV-2022-0086,617.000000,PAPP-2022-0086,PAY-2022-0086,matched
107,INV-2022-0087,646.000000,PAPP-2022-0087,PAY-2022-0087,matched
108,INV-2022-0088,602.000000,PAPP-2022-0088,PAY-2022-0088,matched
109,INV-2022-0089,654.000000,PAPP-2022-0089,PAY-2022-0089,matched
110,INV-2022-0090,724.000000,PAPP-2022-0090,PAY-2022-0090,matched
111,INV-2022-0091,597.000000,PAPP-2022-0091,PAY-2022-0091,matched
112,INV-2022-0092,639.000000,PAPP-2022-0092,PAY-2022-0092,matched
113,INV-2022-0093,600.000000,PAPP-2022-0093,PAY-2022-0093,matched
114,INV-2022-0094,725.000000,PAPP-2022-0094,PAY-2022-0094,matched
,INV-2022-0095,4712.000000,PAPP-2022-0095,PAY-2022-0095,partially_matched
115,INV-2022-0096,658.000000,PAPP-2022-0096,PAY-2022-0096,matched
116,INV-2022-0097,745.000000,PAPP-2022-0097,PAY-2022-0097,matched
117,INV-2022-0098,546.000000,PAPP-2022-0098,PAY-2022-0098,matched
118,INV-2022-0099,598.000000,PAPP-2022-0099,PAY-2022-0099,matched
120,INV-2022-0100,759.000000,PAPP-2022-0100,PAY-2022-0100,matched
122,INV-2022-0101,498.000000,PAPP-2022-0101,PAY-2022-0101,matched
123,INV-2022-0102,543.000000,PAPP-2022-0102,PAY-2022-0102,matched
124,INV-2022-0103,459.000000,PAPP-2022-0103,PAY-2022-0103,matched
125,INV-2022-0104,784.000000,PAPP-2022-0104,PAY-2022-0104,matched
127,INV-2022-0105,436.000000,PAPP-2022-0105,PAY-2022-0105,matched
128,INV-2022-0106,408.000000,PAPP-2022-0106,PAY-2022-0106,matched
129,INV-2022-0107,546.000000,PAPP-2022-0107,PAY-2022-0107,matched
130,INV-2022-0108,530.000000,PAPP-2022-0108,PAY-2022-0108,matched
131,INV-2022-0109,453.000000,PAPP-2022-0109,PAY-2022-0109,matched
132,INV-2022-0110,515.000000,PAPP-2022-0110,PAY-2022-0110,matched
134,INV-2022-0111,653.000000,PAPP-2022-0111,PAY-2022-0111,matched
136,INV-2022-0112,748.000000,PAPP-2022-0112,PAY-2022-0112,matched
137,INV-2022-0113,765.000000,PAPP-2022-0113,PAY-2022-0113,matched
138,INV-2022-0114,709.000000,PAPP-2022-0114,PAY-2022-0114,matched
139,INV-2022-0115,568.000000,PAPP-2022-0115,PAY-2022-0115,matched
141,INV-2022-0116,797.000000,PAPP-2022-0116,PAY-2022-0116,matched
142,INV-2022-0117,783.000000,PAPP-2022-0117,PAY-2022-0117,matched
143,INV-2022-0118,594.000000,PAPP-2022-0118,PAY-2022-0118,matched
144,INV-2022-0119,432.000000,PAPP-2022-0119,PAY-2022-0119,matched
145,INV-2022-0120,770.000000,PAPP-2022-0120,PAY-2022-0120,matched
146,INV-2022-0121,421.000000,PAPP-2022-0121,PAY-2022-0121,matched
147,INV-2022-0122,437.000000,PAPP-2022-0122,PAY-2022-0122,matched
148,INV-2022-0123,450.000000,PAPP-2022-0123,PAY-2022-0123,matched
149,INV-2022-0124,682.000000,PAPP-2022-0124,PAY-2022-0124,matched
150,INV-2022-0125,676.000000,PAPP-2022-0125,PAY-2022-0125,matched
,INV-2022-0126,4273.000000,PAPP-2022-0126,PAY-2022-0126,partially_matched
151,INV-2022-0127,683.000000,PAPP-2022-0127,PAY-2022-0127,matched
152,INV-2022-0128,716.000000,PAPP-2022-0128,PAY-2022-0128,matched
153,INV-2022-0129,403.000000,PAPP-2022-0129,PAY-2022-0129,matched
155,INV-2022-0130,571.000000,PAPP-2022-0130,PAY-2022-0130,matched
156,INV-2022-0131,445.000000,PAPP-2022-0131,PAY-2022-0131,matched
157,INV-2022-0132,498.000000,PAPP-2022-0132,PAY-2022-0132,matched
158,INV-2022-0133,436.000000,PAPP-2022-0133,PAY-2022-0133,matched
159,INV-2022-0134,701.000000,PAPP-2022-0134,PAY-2022-0134,matched
160,INV-2022-0135,498.000000,PAPP-2022-0135,PAY-2022-0135,matched
161,INV-2022-0136,515.000000,PAPP-2022-0136,PAY-2022-0136,matched
162,INV-2022-0137,560.000000,PAPP-2022-0137,PAY-2022-0137,matched
163,INV-2022-0138,527.000000,PAPP-2022-0138,PAY-2022-0138,matched
164,INV-2022-0139,622.000000,PAPP-2022-0139,PAY-2022-0139,matched
165,INV-2022-0140,722.000000,PAPP-2022-0140,PAY-2022-0140,matched
166,INV-2022-0141,679.000000,PAPP-2022-0141,PAY-2022-0141,matched
167,INV-2022-0142,741.000000,PAPP-2022-0142,PAY-2022-0142,matched
168,INV-2022-0143,526.000000,PAPP-2022-0143,PAY-2022-0143,matched
169,INV-2022-0144,785.000000,PAPP-2022-0144,PAY-2022-0144,matched
170,INV-2022-0145,503.000000,PAPP-2022-0145,PAY-2022-0145,matched
171,INV-2022-0146,698.000000,PAPP-2022-0146,PAY-2022-0146,matched
172,INV-2022-0147,438.000000,PAPP-2022-0147,PAY-2022-0147,matched
173,INV-2022-0148,646.000000,PAPP-2022-0148,PAY-2022-0148,matched
174,INV-2022-0149,705.000000,PAPP-2022-0149,PAY-2022-0149,matched
175,INV-2022-0150,412.000000,PAPP-2022-0150,PAY-2022-0150,matched
177,INV-2022-0151,435.000000,PAPP-2022-0151,PAY-2022-0151,matched
178,INV-2022-0152,720.000000,PAPP-2022-0152,PAY-2022-0152,matched
180,INV-2022-0153,770.000000,PAPP-2022-0153,PAY-2022-0153,matched
181,INV-2022-0154,491.000000,PAPP-2022-0154,PAY-2022-0154,matched
182,INV-2022-0155,687.000000,PAPP-2022-0155,PAY-2022-0155,matched
183,INV-2022-0156,741.000000,PAPP-2022-0156,PAY-2022-0156,matched
184,INV-2022-0157,585.000000,PAPP-2022-0157,PAY-2022-0157,matched
,INV-2022-0158,5913.000000,PAPP-2022-0158,PAY-2022-0158,partially_matched
185,INV-2022-0159,524.000000,PAPP-2022-0159,PAY-2022-0159,matched
186,INV-2022-0160,457.000000,PAPP-2022-0160,PAY-2022-0160,matched
188,INV-2022-0161,725.000000,PAPP-2022-0161,PAY-2022-0161,matched
189,INV-2022-0162,500.000000,PAPP-2022-0162,PAY-2022-0162,matched
190,INV-2022-0163,452.000000,PAPP-2022-0163,PAY-2022-0163,matched
191,INV-2022-0164,507.000000,PAPP-2022-0164,PAY-2022-0164,matched
192,INV-2022-0165,595.000000,PAPP-2022-0165,PAY-2022-0165,matched
193,INV-2022-0166,771.000000,PAPP-2022-0166,PAY-2022-0166,matched
194,INV-2022-0167,754.000000,PAPP-2022-0167,PAY-2022-0167,matched
195,INV-2022-0168,707.000000,PAPP-2022-0168,PAY-2022-0168,matched
197,INV-2022-0169,505.000000,PAPP-2022-0169,PAY-2022-0169,matched
198,INV-2022-0170,544.000000,PAPP-2022-0170,PAY-2022-0170,matched
199,INV-2022-0171,674.000000,PAPP-2022-0171,PAY-2022-0171,matched
200,INV-2022-0172,745.000000,PAPP-2022-0172,PAY-2022-0172,matched
202,INV-2022-0173,795.000000,PAPP-2022-0173,PAY-2022-0173,matched
203,INV-2022-0174,457.000000,PAPP-2022-0174,PAY-2022-0174,matched
204,INV-2022-0175,638.000000,PAPP-2022-0175,PAY-2022-0175,matched
205,INV-2022-0176,525.000000,PAPP-2022-0176,PAY-2022-0176,matched
207,INV-2022-0177,772.000000,PAPP-2022-0177,PAY-2022-0177,matched
208,INV-2022-0178,588.000000,PAPP-2022-0178,PAY-2022-0178,matched
209,INV-2022-0179,468.000000,PAPP-2022-0179,PAY-2022-0179,matched
210,INV-2022-0180,646.000000,PAPP-2022-0180,PAY-2022-0180,matched
212,INV-2022-0181,485.000000,PAPP-2022-0181,PAY-2022-0181,matched
214,INV-2022-0182,446.000000,PAPP-2022-0182,PAY-2022-0182,matched
216,INV-2022-0183,603.000000,PAPP-2022-0183,PAY-2022-0183,matched
218,INV-2022-0184,688.000000,PAPP-2022-0184,PAY-2022-0184,matched
219,INV-2022-0185,756.000000,PAPP-2022-0185,PAY-2022-0185,matched
220,INV-2022-0186,409.000000,PAPP-2022-0186,PAY-2022-0186,matched
221,INV-2022-0187,499.000000,PAPP-2022-0187,PAY-2022-0187,matched
223,INV-2022-0188,749.000000,PAPP-2022-0188,PAY-2022-0188,matched
,INV-2022-0189,5625.000000,PAPP-2022-0189,PAY-2022-0189,partially_matched
224,INV-2022-0190,595.000000,PAPP-2022-0190,PAY-2022-0190,matched
225,INV-2022-0191,824.000000,PAPP-2022-0191,PAY-2022-0191,matched
226,INV-2022-0192,515.000000,PAPP-2022-0192,PAY-2022-0192,matched
228,INV-2022-0193,996.000000,PAPP-2022-0193,PAY-2022-0193,matched
229,INV-2022-0194,659.000000,PAPP-2022-0194,PAY-2022-0194,matched
230,INV-2022-0195,651.000000,PAPP-2022-0195,PAY-2022-0195,matched
231,INV-2022-0196,662.000000,PAPP-2022-0196,PAY-2022-0196,matched
232,INV-2022-0197,916.000000,PAPP-2022-0197,PAY-2022-0197,matched
233,INV-2022-0198,926.000000,PAPP-2022-0198,PAY-2022-0198,matched
234,INV-2022-0199,822.000000,PAPP-2022-0199,PAY-2022-0199,matched
235,INV-2022-0200,667.000000,PAPP-2022-0200,PAY-2022-0200,matched
236,INV-2022-0201,543.000000,PAPP-2022-0201,PAY-2022-0201,matched
237,INV-2022-0202,511.000000,PAPP-2022-0202,PAY-2022-0202,matched
239,INV-2022-0203,998.000000,PAPP-2022-0203,PAY-2022-0203,matched
240,INV-2022-0204,714.000000,PAPP-2022-0204,PAY-2022-0204,matched
242,INV-2022-0205,909.000000,PAPP-2022-0205,PAY-2022-0205,matched
243,INV-2022-0206,917.000000,PAPP-2022-0206,PAY-2022-0206,matched
244,INV-2022-0207,890.000000,PAPP-2022-0207,PAY-2022-0207,matched
246,INV-2022-0208,574.000000,PAPP-2022-0208,PAY-2022-0208,matched
247,INV-2022-0209,919.000000,PAPP-2022-0209,PAY-2022-0209,matched
248,INV-2022-0210,748.000000,PAPP-2022-0210,PAY-2022-0210,matched
249,INV-2022-0211,856.000000,PAPP-2022-0211,PAY-2022-0211,matched
250,INV-2022-0212,691.000000,PAPP-2022-0212,PAY-2022-0212,matched
251,INV-2022-0213,598.000000,PAPP-2022-0213,PAY-2022-0213,matched
252,INV-2022-0214,965.000000,PAPP-2022-0214,PAY-2022-0214,matched
253,INV-2022-0215,595.000000,PAPP-2022-0215,PAY-2022-0215,matched
254,INV-2022-0216,689.000000,PAPP-2022-0216,PAY-2022-0216,matched
255,INV-2022-0217,767.000000,PAPP-2022-0217,PAY-2022-0217,matched
256,INV-2022-0218,512.000000,PAPP-2022-0218,PAY-2022-0218,matched
257,INV-2022-0219,854.000000,PAPP-2022-0219,PAY-2022-0219,matched
259,INV-2022-0220,561.000000,PAPP-2022-0220,PAY-2022-0220,matched
,INV-2022-0221,4441.000000,PAPP-2022-0221,PAY-2022-0221,partially_matched
260,INV-2022-0222,716.000000,PAPP-2022-0222,PAY-2022-0222,matched
261,INV-2022-0223,686.000000,PAPP-2022-0223,PAY-2022-0223,matched
263,INV-2022-0224,944.000000,PAPP-2022-0224,PAY-2022-0224,matched
264,INV-2022-0225,575.000000,PAPP-2022-0225,PAY-2022-0225,matched
265,INV-2022-0226,783.000000,PAPP-2022-0226,PAY-2022-0226,matched
266,INV-2022-0227,883.000000,PAPP-2022-0227,PAY-2022-0227,matched
267,INV-2022-0228,866.000000,PAPP-2022-0228,PAY-2022-0228,matched
269,INV-2022-0229,895.000000,PAPP-2022-0229,PAY-2022-0229,matched
270,INV-2022-0230,878.000000,PAPP-2022-0230,PAY-2022-0230,matched
271,INV-2022-0231,552.000000,PAPP-2022-0231,PAY-2022-0231,matched
272,INV-2022-0232,556.000000,PAPP-2022-0232,PAY-2022-0232,matched
274,INV-2022-0233,685.000000,PAPP-2022-0233,PAY-2022-0233,matched
276,INV-2022-0234,632.000000,PAPP-2022-0234,PAY-2022-0234,matched
277,INV-2022-0235,720.000000,PAPP-2022-0235,PAY-2022-0235,matched
278,INV-2022-0236,645.000000,PAPP-2022-0236,PAY-2022-0236,matched
279,INV-2022-0237,508.000000,PAPP-2022-0237,PAY-2022-0237,matched
280,INV-2022-0238,991.000000,PAPP-2022-0238,PAY-2022-0238,matched
281,INV-2022-0239,729.000000,PAPP-2022-0239,PAY-2022-0239,matched
283,INV-2022-0240,892.000000,PAPP-2022-0240,PAY-2022-0240,matched
284,INV-2022-0241,621.000000,PAPP-2022-0241,PAY-2022-0241,matched
286,INV-2022-0242,921.000000,PAPP-2022-0242,PAY-2022-0242,matched
287,INV-2022-0243,995.000000,PAPP-2022-0243,PAY-2022-0243,matched
288,INV-2022-0244,841.000000,PAPP-2022-0244,PAY-2022-0244,matched
289,INV-2022-0245,826.000000,PAPP-2022-0245,PAY-2022-0245,matched
290,INV-2022-0246,631.000000,PAPP-2022-0246,PAY-2022-0246,matched
291,INV-2022-0247,751.000000,PAPP-2022-0247,PAY-2022-0247,matched
293,INV-2022-0248,701.000000,PAPP-2022-0248,PAY-2022-0248,matched
294,INV-2022-0249,538.000000,PAPP-2022-0249,PAY-2022-0249,matched
295,INV-2022-0250,672.000000,PAPP-2022-0250,PAY-2022-0250,matched
297,INV-2022-0251,647.000000,PAPP-2022-0251,PAY-2022-0251,matched
299,INV-2022-0252,1122.000000,PAPP-2022-0252,PAY-2022-0252,matched
,INV-2022-0253,3754.000000,PAPP-2022-0253,PAY-2022-0253,partially_matched
300,INV-2022-0254,1160.000000,PAPP-2022-0254,PAY-2022-0254,matched
301,INV-2022-0255,890.000000,PAPP-2022-0255,PAY-2022-0255,matched
302,INV-2022-0256,1108.000000,PAPP-2022-0256,PAY-2022-0256,matched
303,INV-2022-0257,1121.000000,PAPP-2022-0257,PAY-2022-0257,matched
304,INV-2022-0258,757.000000,PAPP-2022-0258,PAY-2022-0258,matched
306,INV-2022-0259,1016.000000,PAPP-2022-0259,PAY-2022-0259,matched
307,INV-2022-0260,779.000000,PAPP-2022-0260,PAY-2022-0260,matched
308,INV-2022-0261,902.000000,PAPP-2022-0261,PAY-2022-0261,matched
309,INV-2022-0262,863.000000,PAPP-2022-0262,PAY-2022-0262,matched
310,INV-2022-0263,719.000000,PAPP-2022-0263,PAY-2022-0263,matched
312,INV-2022-0264,1004.000000,PAPP-2022-0264,PAY-2022-0264,matched
313,INV-2022-0265,1114.000000,PAPP-2022-0265,PAY-2022-0265,matched
314,INV-2022-0266,753.000000,PAPP-2022-0266,PAY-2022-0266,matched
315,INV-2022-0267,843.000000,PAPP-2022-0267,PAY-2022-0267,matched
316,INV-2022-0268,1158.000000,PAPP-2022-0268,PAY-2022-0268,matched
317,INV-2022-0269,923.000000,PAPP-2022-0269,PAY-2022-0269,matched
319,INV-2022-0270,1107.000000,PAPP-2022-0270,PAY-2022-0270,matched
320,INV-2022-0271,707.000000,PAPP-2022-0271,PAY-2022-0271,matched
322,INV-2022-0272,835.000000,PAPP-2022-0272,PAY-2022-0272,matched
323,INV-2022-0273,877.000000,PAPP-2022-0273,PAY-2022-0273,matched
324,INV-2022-0274,1056.000000,PAPP-2022-0274,PAY-2022-0274,matched
325,INV-2022-0275,891.000000,PAPP-2022-0275,PAY-2022-0275,matched
326,INV-2022-0276,1146.000000,PAPP-2022-0276,PAY-2022-0276,matched
327,INV-2022-0277,1116.000000,PAPP-2022-0277,PAY-2022-0277,matched
328,INV-2022-0278,1160.000000,PAPP-2022-0278,PAY-2022-0278,matched
329,INV-2022-0279,1112.000000,PAPP-2022-0279,PAY-2022-0279,matched
331,INV-2022-0280,1089.000000,PAPP-2022-0280,PAY-2022-0280,matched
332,INV-2022-0281,955.000000,PAPP-2022-0281,PAY-2022-0281,matched
333,INV-2022-0282,1108.000000,PAPP-2022-0282,PAY-2022-0282,matched
334,INV-2022-0283,1011.000000,PAPP-2022-0283,PAY-2022-0283,matched
,INV-2022-0284,3185.000000,PAPP-2022-0284,PAY-2022-0284,partially_matched
335,INV-2022-0285,950.000000,PAPP-2022-0285,PAY-2022-0285,matched
337,INV-2022-0286,1073.000000,PAPP-2022-0286,PAY-2022-0286,matched
338,INV-2022-0287,923.000000,PAPP-2022-0287,PAY-2022-0287,matched
339,INV-2022-0288,966.000000,PAPP-2022-0288,PAY-2022-0288,matched
340,INV-2022-0289,762.000000,PAPP-2022-0289,PAY-2022-0289,matched
341,INV-2022-0290,1014.000000,PAPP-2022-0290,PAY-2022-0290,matched
342,INV-2022-0291,1160.000000,PAPP-2022-0291,PAY-2022-0291,matched
344,INV-2022-0292,1084.000000,PAPP-2022-0292,PAY-2022-0292,matched
346,INV-2022-0293,1164.000000,PAPP-2022-0293,PAY-2022-0293,matched
347,INV-2022-0294,832.000000,PAPP-2022-0294,PAY-2022-0294,matched
348,INV-2022-0295,1136.000000,PAPP-2022-0295,PAY-2022-0295,matched
349,INV-2022-0296,752.000000,PAPP-2022-0296,PAY-2022-0296,matched
350,INV-2022-0297,1157.000000,PAPP-2022-0297,PAY-2022-0297,matched
351,INV-2022-0298,784.000000,PAPP-2022-0298,PAY-2022-0298,matched
352,INV-2022-0299,1065.000000,PAPP-2022-0299,PAY-2022-0299,matched
353,INV-2022-0300,872.000000,PAPP-2022-0300,PAY-2022-0300,matched
354,INV-2022-0301,1145.000000,PAPP-2022-0301,PAY-2022-0301,matched
355,INV-2022-0302,1187.000000,PAPP-2022-0302,PAY-2022-0302,matched
356,INV-2022-0303,1047.000000,PAPP-2022-0303,PAY-2022-0303,matched
357,INV-2022-0304,738.000000,PAPP-2022-0304,PAY-2022-0304,matched
358,INV-2022-0305,861.000000,PAPP-2022-0305,PAY-2022-0305,matched
359,INV-2022-0306,958.000000,PAPP-2022-0306,PAY-2022-0306,matched
360,INV-2022-0307,967.000000,PAPP-2022-0307,PAY-2022-0307,matched
361,INV-2022-0308,935.000000,PAPP-2022-0308,PAY-2022-0308,matched
362,INV-2022-0309,921.000000,PAPP-2022-0309,PAY-2022-0309,matched
363,INV-2022-0310,1100.000000,PAPP-2022-0310,PAY-2022-0310,matched
365,INV-2022-0311,1040.000000,PAPP-2022-0311,PAY-2022-0311,matched
366,INV-2022-0312,774.000000,PAPP-2022-0312,PAY-2022-0312,matched
367,INV-2022-0313,1121.000000,PAPP-2022-0313,PAY-2022-0313,matched
368,INV-2022-0314,925.000000,PAPP-2022-0314,PAY-2022-0314,matched
369,INV-2022-0315,797.000000,PAPP-2022-0315,PAY-2022-0315,matched
,INV-2022-0316,3636.000000,PAPP-2022-0316,PAY-2022-0316,partially_matched
370,INV-2022-0317,1034.000000,PAPP-2022-0317,PAY-2022-0317,matched
371,INV-2022-0318,1146.000000,PAPP-2022-0318,PAY-2022-0318,matched
372,INV-2022-0319,948.000000,PAPP-2022-0319,PAY-2022-0319,matched
373,INV-2022-0320,1171.000000,PAPP-2022-0320,PAY-2022-0320,matched
374,INV-2022-0321,729.000000,PAPP-2022-0321,PAY-2022-0321,matched
375,INV-2022-0322,750.000000,PAPP-2022-0322,PAY-2022-0322,matched
376,INV-2022-0323,984.000000,PAPP-2022-0323,PAY-2022-0323,matched
378,INV-2022-0324,1029.000000,PAPP-2022-0324,PAY-2022-0324,matched
379,INV-2022-0325,1039.000000,PAPP-2022-0325,PAY-2022-0325,matched
380,INV-2022-0326,733.000000,PAPP-2022-0326,PAY-2022-0326,matched
381,INV-2022-0327,1149.000000,PAPP-2022-0327,PAY-2022-0327,matched
382,INV-2022-0328,934.000000,PAPP-2022-0328,PAY-2022-0328,matched
383,INV-2022-0329,1158.000000,PAPP-2022-0329,PAY-2022-0329,matched
385,INV-2022-0330,1073.000000,PAPP-2022-0330,PAY-2022-0330,matched
386,INV-2022-0331,1087.000000,PAPP-2022-0331,PAY-2022-0331,matched
388,INV-2022-0332,894.000000,PAPP-2022-0332,PAY-2022-0332,matched
389,INV-2022-0333,854.000000,PAPP-2022-0333,PAY-2022-0333,matched
390,INV-2022-0334,1133.000000,PAPP-2022-0334,PAY-2022-0334,matched
391,INV-2022-0335,750.000000,PAPP-2022-0335,PAY-2022-0335,matched
393,INV-2022-0336,791.000000,PAPP-2022-0336,PAY-2022-0336,matched
394,INV-2022-0337,721.000000,PAPP-2022-0337,PAY-2022-0337,matched
396,INV-2022-0338,932.000000,PAPP-2022-0338,PAY-2022-0338,matched
397,INV-2022-0339,745.000000,PAPP-2022-0339,PAY-2022-0339,matched
398,INV-2022-0340,777.000000,PAPP-2022-0340,PAY-2022-0340,matched
399,INV-2022-0341,1110.000000,PAPP-2022-0341,PAY-2022-0341,matched
401,INV-2022-0342,913.000000,PAPP-2022-0342,PAY-2022-0342,matched
403,INV-2022-0343,1018.000000,PAPP-2022-0343,PAY-2022-0343,matched
404,INV-2022-0344,1036.000000,PAPP-2022-0344,PAY-2022-0344,matched
405,INV-2022-0345,956.000000,PAPP-2022-0345,PAY-2022-0345,matched
407,INV-2022-0346,879.000000,PAPP-2022-0346,PAY-2022-0346,matched
,INV-2022-0347,3529.000000,PAPP-2022-0347,PAY-2022-0347,partially_matched
408,INV-2022-0348,826.000000,PAPP-2022-0348,PAY-2022-0348,matched
409,INV-2022-0349,713.000000,PAPP-2022-0349,PAY-2022-0349,matched
410,INV-2022-0350,1170.000000,PAPP-2022-0350,PAY-2022-0350,matched
411,INV-2022-0351,1085.000000,PAPP-2022-0351,PAY-2022-0351,matched
412,INV-2022-0352,713.000000,PAPP-2022-0352,PAY-2022-0352,matched
414,INV-2022-0353,810.000000,PAPP-2022-0353,PAY-2022-0353,matched
415,INV-2022-0354,1062.000000,PAPP-2022-0354,PAY-2022-0354,matched
416,INV-2022-0355,1192.000000,PAPP-2022-0355,PAY-2022-0355,matched
417,INV-2022-0356,993.000000,PAPP-2022-0356,PAY-2022-0356,matched
418,INV-2022-0357,714.000000,PAPP-2022-0357,PAY-2022-0357,matched
420,INV-2022-0358,727.000000,PAPP-2022-0358,PAY-2022-0358,matched
422,INV-2022-0359,825.000000,PAPP-2022-0359,PAY-2022-0359,matched
424,INV-2022-0360,911.000000,PAPP-2022-0360,PAY-2022-0360,matched
425,INV-2022-0361,1093.000000,PAPP-2022-0361,PAY-2022-0361,matched
426,INV-2022-0362,808.000000,PAPP-2022-0362,PAY-2022-0362,matched
427,INV-2022-0363,927.000000,PAPP-2022-0363,PAY-2022-0363,matched
428,INV-2022-0364,733.000000,PAPP-2022-0364,PAY-2022-0364,matched
429,INV-2022-0365,1123.000000,PAPP-2022-0365,PAY-2022-0365,matched
430,INV-2022-0366,782.000000,PAPP-2022-0366,PAY-2022-0366,matched
431,INV-2022-0367,800.000000,PAPP-2022-0367,PAY-2022-0367,matched
432,INV-2022-0368,981.000000,PAPP-2022-0368,PAY-2022-0368,matched
433,INV-2022-0369,1142.000000,PAPP-2022-0369,PAY-2022-0369,matched
434,INV-2022-0370,1064.000000,PAPP-2022-0370,PAY-2022-0370,matched
435,INV-2022-0371,1076.000000,PAPP-2022-0371,PAY-2022-0371,matched
436,INV-2022-0372,849.000000,PAPP-2022-0372,PAY-2022-0372,matched
437,INV-2022-0373,769.000000,PAPP-2022-0373,PAY-2022-0373,matched
438,INV-2022-0374,703.000000,PAPP-2022-0374,PAY-2022-0374,matched
439,INV-2022-0375,1145.000000,PAPP-2022-0375,PAY-2022-0375,matched
440,INV-2022-0376,794.000000,PAPP-2022-0376,PAY-2022-0376,matched
442,INV-2022-0377,942.000000,PAPP-2022-0377,PAY-2022-0377,matched
444,INV-2023-0378,1107.000000,PAPP-2023-0378,PAY-2023-0378,matched
,INV-2023-0379,5068.000000,PAPP-2023-0379,PAY-2023-0379,partially_matched
446,INV-2023-0380,919.000000,PAPP-2023-0380,PAY-2023-0380,matched
447,INV-2023-0381,1034.000000,PAPP-2023-0381,PAY-2023-0381,matched
448,INV-2023-0382,1068.000000,PAPP-2023-0382,PAY-2023-0382,matched
449,INV-2023-0383,1185.000000,PAPP-2023-0383,PAY-2023-0383,matched
450,INV-2023-0384,1140.000000,PAPP-2023-0384,PAY-2023-0384,matched
451,INV-2023-0385,902.000000,PAPP-2023-0385,PAY-2023-0385,matched
452,INV-2023-0386,1134.000000,PAPP-2023-0386,PAY-2023-0386,matched
453,INV-2023-0387,832.000000,PAPP-2023-0387,PAY-2023-0387,matched
455,INV-2023-0388,974.000000,PAPP-2023-0388,PAY-2023-0388,matched
457,INV-2023-0389,839.000000,PAPP-2023-0389,PAY-2023-0389,matched
459,INV-2023-0390,1081.000000,PAPP-2023-0390,PAY-2023-0390,matched
461,INV-2023-0391,1190.000000,PAPP-2023-0391,PAY-2023-0391,matched
462,INV-2023-0392,1089.000000,PAPP-2023-0392,PAY-2023-0392,matched
463,INV-2023-0393,709.000000,PAPP-2023-0393,PAY-2023-0393,matched
464,INV-2023-0394,837.000000,PAPP-2023-0394,PAY-2023-0394,matched
465,INV-2023-0395,712.000000,PAPP-2023-0395,PAY-2023-0395,matched
466,INV-2023-0396,783.000000,PAPP-2023-0396,PAY-2023-0396,matched
467,INV-2023-0397,800.000000,PAPP-2023-0397,PAY-2023-0397,matched
469,INV-2023-0398,1098.000000,PAPP-2023-0398,PAY-2023-0398,matched
470,INV-2023-0399,1118.000000,PAPP-2023-0399,PAY-2023-0399,matched
471,INV-2023-0400,1004.000000,PAPP-2023-0400,PAY-2023-0400,matched
472,INV-2023-0401,1143.000000,PAPP-2023-0401,PAY-2023-0401,matched
473,INV-2023-0402,1033.000000,PAPP-2023-0402,PAY-2023-0402,matched
474,INV-2023-0403,1158.000000,PAPP-2023-0403,PAY-2023-0403,matched
475,INV-2023-0404,775.000000,PAPP-2023-0404,PAY-2023-0404,matched
476,INV-2023-0405,700.000000,PAPP-2023-0405,PAY-2023-0405,matched
477,INV-2023-0406,1105.000000,PAPP-2023-0406,PAY-2023-0406,matched
479,INV-2023-0407,1060.000000,PAPP-2023-0407,PAY-2023-0407,matched
480,INV-2023-0408,1015.000000,PAPP-2023-0408,PAY-2023-0408,matched
482,INV-2023-0409,704.000000,PAPP-2023-0409,PAY-2023-0409,matched
483,INV-2023-0410,777.000000,PAPP-2023-0410,PAY-2023-0410,matched
,INV-2023-0411,5147.000000,PAPP-2023-0411,PAY-2023-0411,partially_matched
484,INV-2023-0412,831.000000,PAPP-2023-0412,PAY-2023-0412,matched
485,INV-2023-0413,741.000000,PAPP-2023-0413,PAY-2023-0413,matched
486,INV-2023-0414,995.000000,PAPP-2023-0414,PAY-2023-0414,matched
487,INV-2023-0415,803.000000,PAPP-2023-0415,PAY-2023-0415,matched
488,INV-2023-0416,878.000000,PAPP-2023-0416,PAY-2023-0416,matched
489,INV-2023-0417,1052.000000,PAPP-2023-0417,PAY-2023-0417,matched
490,INV-2023-0418,842.000000,PAPP-2023-0418,PAY-2023-0418,matched
491,INV-2023-0419,844.000000,PAPP-2023-0419,PAY-2023-0419,matched
492,INV-2023-0420,1149.000000,PAPP-2023-0420,PAY-2023-0420,matched
493,INV-2023-0421,803.000000,PAPP-2023-0421,PAY-2023-0421,matched
494,INV-2023-0422,738.000000,PAPP-2023-0422,PAY-2023-0422,matched
496,INV-2023-0423,1090.000000,PAPP-2023-0423,PAY-2023-0423,matched
497,INV-2023-0424,741.000000,PAPP-2023-0424,PAY-2023-0424,matched
499,INV-2023-0425,988.000000,PAPP-2023-0425,PAY-2023-0425,matched
500,INV-2023-0426,930.000000,PAPP-2023-0426,PAY-2023-0426,matched
501,INV-2023-0427,856.000000,PAPP-2023-0427,PAY-2023-0427,matched
503,INV-2023-0428,1184.000000,PAPP-2023-0428,PAY-2023-0428,matched
504,INV-2023-0429,988.000000,PAPP-2023-0429,PAY-2023-0429,matched
506,INV-2023-0430,709.000000,PAPP-2023-0430,PAY-2023-0430,matched
507,INV-2023-0431,1029.000000,PAPP-2023-0431,PAY-2023-0431,matched
508,INV-2023-0432,993.000000,PAPP-2023-0432,PAY-2023-0432,matched
509,INV-2023-0433,1002.000000,PAPP-2023-0433,PAY-2023-0433,matched
510,INV-2023-0434,915.000000,PAPP-2023-0434,PAY-2023-0434,matched
511,INV-2023-0435,714.000000,PAPP-2023-0435,PAY-2023-0435,matched
512,INV-2023-0436,960.000000,PAPP-2023-0436,PAY-2023-0436,matched
513,INV-2023-0437,1023.000000,PAPP-2023-0437,PAY-2023-0437,matched
514,INV-2023-0438,829.000000,PAPP-2023-0438,PAY-2023-0438,matched
516,INV-2023-0439,691.000000,PAPP-2023-0439,PAY-2023-0439,matched
,INV-2023-0440,4622.000000,PAPP-2023-0440,PAY-2023-0440,partially_matched
517,INV-2023-0441,682.000000,PAPP-2023-0441,PAY-2023-0441,matched
518,INV-2023-0442,410.000000,PAPP-2023-0442,PAY-2023-0442,matched
519,INV-2023-0443,759.000000,PAPP-2023-0443,PAY-2023-0443,matched
520,INV-2023-0444,599.000000,PAPP-2023-0444,PAY-2023-0444,matched
521,INV-2023-0445,745.000000,PAPP-2023-0445,PAY-2023-0445,matched
522,INV-2023-0446,795.000000,PAPP-2023-0446,PAY-2023-0446,matched
523,INV-2023-0447,503.000000,PAPP-2023-0447,PAY-2023-0447,matched
524,INV-2023-0448,510.000000,PAPP-2023-0448,PAY-2023-0448,matched
525,INV-2023-0449,570.000000,PAPP-2023-0449,PAY-2023-0449,matched
526,INV-2023-0450,755.000000,PAPP-2023-0450,PAY-2023-0450,matched
527,INV-2023-0451,532.000000,PAPP-2023-0451,PAY-2023-0451,matched
528,INV-2023-0452,727.000000,PAPP-2023-0452,PAY-2023-0452,matched
529,INV-2023-0453,491.000000,PAPP-2023-0453,PAY-2023-0453,matched
530,INV-2023-0454,792.000000,PAPP-2023-0454,PAY-2023-0454,matched
531,INV-2023-0455,428.000000,PAPP-2023-0455,PAY-2023-0455,matched
533,INV-2023-0456,656.000000,PAPP-2023-0456,PAY-2023-0456,matched
535,INV-2023-0457,581.000000,PAPP-2023-0457,PAY-2023-0457,matched
536,INV-2023-0458,400.000000,PAPP-2023-0458,PAY-2023-0458,matched
537,INV-2023-0459,454.000000,PAPP-2023-0459,PAY-2023-0459,matched
538,INV-2023-0460,798.000000,PAPP-2023-0460,PAY-2023-0460,matched
539,INV-2023-0461,708.000000,PAPP-2023-0461,PAY-2023-0461,matched
540,INV-2023-0462,712.000000,PAPP-2023-0462,PAY-2023-0462,matched
542,INV-2023-0463,424.000000,PAPP-2023-0463,PAY-2023-0463,matched
543,INV-2023-0464,693.000000,PAPP-2023-0464,PAY-2023-0464,matched
544,INV-2023-0465,609.000000,PAPP-2023-0465,PAY-2023-0465,matched
545,INV-2023-0466,746.000000,PAPP-2023-0466,PAY-2023-0466,matched
546,INV-2023-0467,763.000000,PAPP-2023-0467,PAY-2023-0467,matched
547,INV-2023-0468,581.000000,PAPP-2023-0468,PAY-2023-0468,matched
549,INV-2023-0469,743.000000,PAPP-2023-0469,PAY-2023-0469,matched
550,INV-2023-0470,684.000000,PAPP-2023-0470,PAY-2023-0470,matched
551,INV-2023-0471,549.000000,PAPP-2023-0471,PAY-2023-0471,matched
,INV-2023-0472,3939.000000,PAPP-2023-0472,PAY-2023-0472,partially_matched
552,INV-2023-0473,769.000000,PAPP-2023-0473,PAY-2023-0473,matched
553,INV-2023-0474,736.000000,PAPP-2023-0474,PAY-2023-0474,matched
554,INV-2023-0475,576.000000,PAPP-2023-0475,PAY-2023-0475,matched
555,INV-2023-0476,741.000000,PAPP-2023-0476,PAY-2023-0476,matched
557,INV-2023-0477,726.000000,PAPP-2023-0477,PAY-2023-0477,matched
558,INV-2023-0478,540.000000,PAPP-2023-0478,PAY-2023-0478,matched
559,INV-2023-0479,778.000000,PAPP-2023-0479,PAY-2023-0479,matched
560,INV-2023-0480,717.000000,PAPP-2023-0480,PAY-2023-0480,matched
561,INV-2023-0481,684.000000,PAPP-2023-0481,PAY-2023-0481,matched
562,INV-2023-0482,685.000000,PAPP-2023-0482,PAY-2023-0482,matched
563,INV-2023-0483,418.000000,PAPP-2023-0483,PAY-2023-0483,matched
565,INV-2023-0484,574.000000,PAPP-2023-0484,PAY-2023-0484,matched
566,INV-2023-0485,512.000000,PAPP-2023-0485,PAY-2023-0485,matched
567,INV-2023-0486,565.000000,PAPP-2023-0486,PAY-2023-0486,matched
568,INV-2023-0487,531.000000,PAPP-2023-0487,PAY-2023-0487,matched
570,INV-2023-0488,687.000000,PAPP-2023-0488,PAY-2023-0488,matched
571,INV-2023-0489,765.000000,PAPP-2023-0489,PAY-2023-0489,matched
572,INV-2023-0490,486.000000,PAPP-2023-0490,PAY-2023-0490,matched
573,INV-2023-0491,687.000000,PAPP-2023-0491,PAY-2023-0491,matched
574,INV-2023-0492,748.000000,PAPP-2023-0492,PAY-2023-0492,matched
575,INV-2023-0493,712.000000,PAPP-2023-0493,PAY-2023-0493,matched
576,INV-2023-0494,654.000000,PAPP-2023-0494,PAY-2023-0494,matched
578,INV-2023-0495,638.000000,PAPP-2023-0495,PAY-2023-0495,matched
579,INV-2023-0496,450.000000,PAPP-2023-0496,PAY-2023-0496,matched
580,INV-2023-0497,663.000000,PAPP-2023-0497,PAY-2023-0497,matched
582,INV-2023-0498,799.000000,PAPP-2023-0498,PAY-2023-0498,matched
583,INV-2023-0499,564.000000,PAPP-2023-0499,PAY-2023-0499,matched
585,INV-2023-0500,406.000000,PAPP-2023-0500,PAY-2023-0500,matched
586,INV-2023-0501,560.000000,PAPP-2023-0501,PAY-2023-0501,matched
587,INV-2023-0502,546.000000,PAPP-2023-0502,PAY-2023-0502,matched
,INV-2023-0503,5381.000000,PAPP-2023-0503,PAY-2023-0503,partially_matched
589,INV-2023-0504,587.000000,PAPP-2023-0504,PAY-2023-0504,matched
590,INV-2023-0505,784.000000,PAPP-2023-0505,PAY-2023-0505,matched
591,INV-2023-0506,410.000000,PAPP-2023-0506,PAY-2023-0506,matched
592,INV-2023-0507,785.000000,PAPP-2023-0507,PAY-2023-0507,matched
593,INV-2023-0508,518.000000,PAPP-2023-0508,PAY-2023-0508,matched
594,INV-2023-0509,660.000000,PAPP-2023-0509,PAY-2023-0509,matched
595,INV-2023-0510,655.000000,PAPP-2023-0510,PAY-2023-0510,matched
596,INV-2023-0511,625.000000,PAPP-2023-0511,PAY-2023-0511,matched
597,INV-2023-0512,754.000000,PAPP-2023-0512,PAY-2023-0512,matched
598,INV-2023-0513,741.000000,PAPP-2023-0513,PAY-2023-0513,matched
599,INV-2023-0514,480.000000,PAPP-2023-0514,PAY-2023-0514,matched
600,INV-2023-0515,519.000000,PAPP-2023-0515,PAY-2023-0515,matched
601,INV-2023-0516,614.000000,PAPP-2023-0516,PAY-2023-0516,matched
602,INV-2023-0517,608.000000,PAPP-2023-0517,PAY-2023-0517,matched
603,INV-2023-0518,608.000000,PAPP-2023-0518,PAY-2023-0518,matched
604,INV-2023-0519,439.000000,PAPP-2023-0519,PAY-2023-0519,matched
605,INV-2023-0520,680.000000,PAPP-2023-0520,PAY-2023-0520,matched
606,INV-2023-0521,645.000000,PAPP-2023-0521,PAY-2023-0521,matched
607,INV-2023-0522,403.000000,PAPP-2023-0522,PAY-2023-0522,matched
609,INV-2023-0523,497.000000,PAPP-2023-0523,PAY-2023-0523,matched
610,INV-2023-0524,474.000000,PAPP-2023-0524,PAY-2023-0524,matched
611,INV-2023-0525,527.000000,PAPP-2023-0525,PAY-2023-0525,matched
613,INV-2023-0526,433.000000,PAPP-2023-0526,PAY-2023-0526,matched
614,INV-2023-0527,552.000000,PAPP-2023-0527,PAY-2023-0527,matched
615,INV-2023-0528,475.000000,PAPP-2023-0528,PAY-2023-0528,matched
616,INV-2023-0529,761.000000,PAPP-2023-0529,PAY-2023-0529,matched
618,INV-2023-0530,686.000000,PAPP-2023-0530,PAY-2023-0530,matched
619,INV-2023-0531,567.000000,PAPP-2023-0531,PAY-2023-0531,matched
620,INV-2023-0532,636.000000,PAPP-2023-0532,PAY-2023-0532,matched
621,INV-2023-0533,793.000000,PAPP-2023-0533,PAY-2023-0533,matched
622,INV-2023-0534,589.000000,PAPP-2023-0534,PAY-2023-0534,matched
,INV-2023-0535,3374.000000,PAPP-2023-0535,PAY-2023-0535,partially_matched
623,INV-2023-0536,463.000000,PAPP-2023-0536,PAY-2023-0536,matched
624,INV-2023-0537,709.000000,PAPP-2023-0537,PAY-2023-0537,matched
625,INV-2023-0538,706.000000,PAPP-2023-0538,PAY-2023-0538,matched
627,INV-2023-0539,428.000000,PAPP-2023-0539,PAY-2023-0539,matched
628,INV-2023-0540,695.000000,PAPP-2023-0540,PAY-2023-0540,matched
629,INV-2023-0541,563.000000,PAPP-2023-0541,PAY-2023-0541,matched
630,INV-2023-0542,694.000000,PAPP-2023-0542,PAY-2023-0542,matched
631,INV-2023-0543,709.000000,PAPP-2023-0543,PAY-2023-0543,matched
632,INV-2023-0544,510.000000,PAPP-2023-0544,PAY-2023-0544,matched
633,INV-2023-0545,468.000000,PAPP-2023-0545,PAY-2023-0545,matched
634,INV-2023-0546,649.000000,PAPP-2023-0546,PAY-2023-0546,matched
636,INV-2023-0547,626.000000,PAPP-2023-0547,PAY-2023-0547,matched
637,INV-2023-0548,736.000000,PAPP-2023-0548,PAY-2023-0548,matched
638,INV-2023-0549,764.000000,PAPP-2023-0549,PAY-2023-0549,matched
640,INV-2023-0550,472.000000,PAPP-2023-0550,PAY-2023-0550,matched
642,INV-2023-0551,616.000000,PAPP-2023-0551,PAY-2023-0551,matched
643,INV-2023-0552,503.000000,PAPP-2023-0552,PAY-2023-0552,matched
644,INV-2023-0553,438.000000,PAPP-2023-0553,PAY-2023-0553,matched
646,INV-2023-0554,571.000000,PAPP-2023-0554,PAY-2023-0554,matched
647,INV-2023-0555,501.000000,PAPP-2023-0555,PAY-2023-0555,matched
648,INV-2023-0556,674.000000,PAPP-2023-0556,PAY-2023-0556,matched
649,INV-2023-0557,704.000000,PAPP-2023-0557,PAY-2023-0557,matched
651,INV-2023-0558,710.000000,PAPP-2023-0558,PAY-2023-0558,matched
652,INV-2023-0559,411.000000,PAPP-2023-0559,PAY-2023-0559,matched
653,INV-2023-0560,615.000000,PAPP-2023-0560,PAY-2023-0560,matched
654,INV-2023-0561,548.000000,PAPP-2023-0561,PAY-2023-0561,matched
655,INV-2023-0562,773.000000,PAPP-2023-0562,PAY-2023-0562,matched
656,INV-2023-0563,599.000000,PAPP-2023-0563,PAY-2023-0563,matched
657,INV-2023-0564,488.000000,PAPP-2023-0564,PAY-2023-0564,matched
658,INV-2023-0565,558.000000,PAPP-2023-0565,PAY-2023-0565,matched
,INV-2023-0566,5884.000000,PAPP-2023-0566,PAY-2023-0566,partially_matched
659,INV-2023-0567,864.000000,PAPP-2023-0567,PAY-2023-0567,matched
660,INV-2023-0568,787.000000,PAPP-2023-0568,PAY-2023-0568,matched
661,INV-2023-0569,698.000000,PAPP-2023-0569,PAY-2023-0569,matched
662,INV-2023-0570,781.000000,PAPP-2023-0570,PAY-2023-0570,matched
663,INV-2023-0571,749.000000,PAPP-2023-0571,PAY-2023-0571,matched
664,INV-2023-0572,834.000000,PAPP-2023-0572,PAY-2023-0572,matched
665,INV-2023-0573,636.000000,PAPP-2023-0573,PAY-2023-0573,matched
667,INV-2023-0574,814.000000,PAPP-2023-0574,PAY-2023-0574,matched
668,INV-2023-0575,581.000000,PAPP-2023-0575,PAY-2023-0575,matched
669,INV-2023-0576,871.000000,PAPP-2023-0576,PAY-2023-0576,matched
670,INV-2023-0577,901.000000,PAPP-2023-0577,PAY-2023-0577,matched
671,INV-2023-0578,602.000000,PAPP-2023-0578,PAY-2023-0578,matched
673,INV-2023-0579,607.000000,PAPP-2023-0579,PAY-2023-0579,matched
675,INV-2023-0580,792.000000,PAPP-2023-0580,PAY-2023-0580,matched
676,INV-2023-0581,973.000000,PAPP-2023-0581,PAY-2023-0581,matched
677,INV-2023-0582,863.000000,PAPP-2023-0582,PAY-2023-0582,matched
678,INV-2023-0583,875.000000,PAPP-2023-0583,PAY-2023-0583,matched
679,INV-2023-0584,848.000000,PAPP-2023-0584,PAY-2023-0584,matched
680,INV-2023-0585,896.000000,PAPP-2023-0585,PAY-2023-0585,matched
681,INV-2023-0586,515.000000,PAPP-2023-0586,PAY-2023-0586,matched
682,INV-2023-0587,607.000000,PAPP-2023-0587,PAY-2023-0587,matched
683,INV-2023-0588,810.000000,PAPP-2023-0588,PAY-2023-0588,matched
684,INV-2023-0589,533.000000,PAPP-2023-0589,PAY-2023-0589,matched
686,INV-2023-0590,640.000000,PAPP-2023-0590,PAY-2023-0590,matched
687,INV-2023-0591,595.000000,PAPP-2023-0591,PAY-2023-0591,matched
688,INV-2023-0592,538.000000,PAPP-2023-0592,PAY-2023-0592,matched
690,INV-2023-0593,976.000000,PAPP-2023-0593,PAY-2023-0593,matched
692,INV-2023-0594,771.000000,PAPP-2023-0594,PAY-2023-0594,matched
693,INV-2023-0595,738.000000,PAPP-2023-0595,PAY-2023-0595,matched
694,INV-2023-0596,913.000000,PAPP-2023-0596,PAY-2023-0596,matched
695,INV-2023-0597,858.000000,PAPP-2023-0597,PAY-2023-0597,matched
,INV-2023-0598,5365.000000,PAPP-2023-0598,PAY-2023-0598,partially_matched
696,INV-2023-0599,564.000000,PAPP-2023-0599,PAY-2023-0599,matched
697,INV-2023-0600,502.000000,PAPP-2023-0600,PAY-2023-0600,matched
698,INV-2023-0601,875.000000,PAPP-2023-0601,PAY-2023-0601,matched
699,INV-2023-0602,823.000000,PAPP-2023-0602,PAY-2023-0602,matched
700,INV-2023-0603,792.000000,PAPP-2023-0603,PAY-2023-0603,matched
702,INV-2023-0604,993.000000,PAPP-2023-0604,PAY-2023-0604,matched
704,INV-2023-0605,876.000000,PAPP-2023-0605,PAY-2023-0605,matched
705,INV-2023-0606,639.000000,PAPP-2023-0606,PAY-2023-0606,matched
706,INV-2023-0607,792.000000,PAPP-2023-0607,PAY-2023-0607,matched
707,INV-2023-0608,926.000000,PAPP-2023-0608,PAY-2023-0608,matched
708,INV-2023-0609,794.000000,PAPP-2023-0609,PAY-2023-0609,matched
709,INV-2023-0610,801.000000,PAPP-2023-0610,PAY-2023-0610,matched
710,INV-2023-0611,561.000000,PAPP-2023-0611,PAY-2023-0611,matched
711,INV-2023-0612,652.000000,PAPP-2023-0612,PAY-2023-0612,matched
712,INV-2023-0613,759.000000,PAPP-2023-0613,PAY-2023-0613,matched
713,INV-2023-0614,647.000000,PAPP-2023-0614,PAY-2023-0614,matched
714,INV-2023-0615,809.000000,PAPP-2023-0615,PAY-2023-0615,matched
715,INV-2023-0616,992.000000,PAPP-2023-0616,PAY-2023-0616,matched
717,INV-2023-0617,812.000000,PAPP-2023-0617,PAY-2023-0617,matched
718,INV-2023-0618,740.000000,PAPP-2023-0618,PAY-2023-0618,matched
719,INV-2023-0619,875.000000,PAPP-2023-0619,PAY-2023-0619,matched
720,INV-2023-0620,760.000000,PAPP-2023-0620,PAY-2023-0620,matched
721,INV-2023-0621,714.000000,PAPP-2023-0621,PAY-2023-0621,matched
722,INV-2023-0622,598.000000,PAPP-2023-0622,PAY-2023-0622,matched
723,INV-2023-0623,740.000000,PAPP-2023-0623,PAY-2023-0623,matched
725,INV-2023-0624,561.000000,PAPP-2023-0624,PAY-2023-0624,matched
726,INV-2023-0625,502.000000,PAPP-2023-0625,PAY-2023-0625,matched
727,INV-2023-0626,985.000000,PAPP-2023-0626,PAY-2023-0626,matched
728,INV-2023-0627,880.000000,PAPP-2023-0627,PAY-2023-0627,matched
729,INV-2023-0628,828.000000,PAPP-2023-0628,PAY-2023-0628,matched
730,INV-2023-0629,1056.000000,PAPP-2023-0629,PAY-2023-0629,matched
,INV-2023-0630,4851.000000,PAPP-2023-0630,PAY-2023-0630,partially_matched
732,INV-2023-0631,822.000000,PAPP-2023-0631,PAY-2023-0631,matched
734,INV-2023-0632,1108.000000,PAPP-2023-0632,PAY-2023-0632,matched
735,INV-2023-0633,869.000000,PAPP-2023-0633,PAY-2023-0633,matched
736,INV-2023-0634,739.000000,PAPP-2023-0634,PAY-2023-0634,matched
737,INV-2023-0635,1094.000000,PAPP-2023-0635,PAY-2023-0635,matched
739,INV-2023-0636,1088.000000,PAPP-2023-0636,PAY-2023-0636,matched
741,INV-2023-0637,875.000000,PAPP-2023-0637,PAY-2023-0637,matched
742,INV-2023-0638,1152.000000,PAPP-2023-0638,PAY-2023-0638,matched
743,INV-2023-0639,813.000000,PAPP-2023-0639,PAY-2023-0639,matched
744,INV-2023-0640,923.000000,PAPP-2023-0640,PAY-2023-0640,matched
745,INV-2023-0641,814.000000,PAPP-2023-0641,PAY-2023-0641,matched
746,INV-2023-0642,755.000000,PAPP-2023-0642,PAY-2023-0642,matched
747,INV-2023-0643,739.000000,PAPP-2023-0643,PAY-2023-0643,matched
748,INV-2023-0644,936.000000,PAPP-2023-0644,PAY-2023-0644,matched
749,INV-2023-0645,915.000000,PAPP-2023-0645,PAY-2023-0645,matched
750,INV-2023-0646,867.000000,PAPP-2023-0646,PAY-2023-0646,matched
751,INV-2023-0647,758.000000,PAPP-2023-0647,PAY-2023-0647,matched
752,INV-2023-0648,868.000000,PAPP-2023-0648,PAY-2023-0648,matched
753,INV-2023-0649,744.000000,PAPP-2023-0649,PAY-2023-0649,matched
754,INV-2023-0650,869.000000,PAPP-2023-0650,PAY-2023-0650,matched
756,INV-2023-0651,706.000000,PAPP-2023-0651,PAY-2023-0651,matched
757,INV-2023-0652,744.000000,PAPP-2023-0652,PAY-2023-0652,matched
758,INV-2023-0653,1198.000000,PAPP-2023-0653,PAY-2023-0653,matched
759,INV-2023-0654,1125.000000,PAPP-2023-0654,PAY-2023-0654,matched
761,INV-2023-0655,857.000000,PAPP-2023-0655,PAY-2023-0655,matched
762,INV-2023-0656,781.000000,PAPP-2023-0656,PAY-2023-0656,matched
763,INV-2023-0657,905.000000,PAPP-2023-0657,PAY-2023-0657,matched
764,INV-2023-0658,711.000000,PAPP-2023-0658,PAY-2023-0658,matched
766,INV-2023-0659,745.000000,PAPP-2023-0659,PAY-2023-0659,matched
767,INV-2023-0660,932.000000,PAPP-2023-0660,PAY-2023-0660,matched
,INV-2023-0661,4646.000000,PAPP-2023-0661,PAY-2023-0661,partially_matched
768,INV-2023-0662,922.000000,PAPP-2023-0662,PAY-2023-0662,matched
769,INV-2023-0663,1147.000000,PAPP-2023-0663,PAY-2023-0663,matched
770,INV-2023-0664,862.000000,PAPP-2023-0664,PAY-2023-0664,matched
772,INV-2023-0665,923.000000,PAPP-2023-0665,PAY-2023-0665,matched
773,INV-2023-0666,1111.000000,PAPP-2023-0666,PAY-2023-0666,matched
774,INV-2023-0667,921.000000,PAPP-2023-0667,PAY-2023-0667,matched
775,INV-2023-0668,977.000000,PAPP-2023-0668,PAY-2023-0668,matched
776,INV-2023-0669,1051.000000,PAPP-2023-0669,PAY-2023-0669,matched
777,INV-2023-0670,1023.000000,PAPP-2023-0670,PAY-2023-0670,matched
778,INV-2023-0671,716.000000,PAPP-2023-0671,PAY-2023-0671,matched
779,INV-2023-0672,1100.000000,PAPP-2023-0672,PAY-2023-0672,matched
780,INV-2023-0673,892.000000,PAPP-2023-0673,PAY-2023-0673,matched
782,INV-2023-0674,909.000000,PAPP-2023-0674,PAY-2023-0674,matched
783,INV-2023-0675,891.000000,PAPP-2023-0675,PAY-2023-0675,matched
784,INV-2023-0676,903.000000,PAPP-2023-0676,PAY-2023-0676,matched
785,INV-2023-0677,926.000000,PAPP-2023-0677,PAY-2023-0677,matched
786,INV-2023-0678,1159.000000,PAPP-2023-0678,PAY-2023-0678,matched
788,INV-2023-0679,833.000000,PAPP-2023-0679,PAY-2023-0679,matched
789,INV-2023-0680,1115.000000,PAPP-2023-0680,PAY-2023-0680,matched
790,INV-2023-0681,757.000000,PAPP-2023-0681,PAY-2023-0681,matched
792,INV-2023-0682,703.000000,PAPP-2023-0682,PAY-2023-0682,matched
793,INV-2023-0683,1096.000000,PAPP-2023-0683,PAY-2023-0683,matched
794,INV-2023-0684,970.000000,PAPP-2023-0684,PAY-2023-0684,matched
795,INV-2023-0685,856.000000,PAPP-2023-0685,PAY-2023-0685,matched
796,INV-2023-0686,987.000000,PAPP-2023-0686,PAY-2023-0686,matched
798,INV-2023-0687,726.000000,PAPP-2023-0687,PAY-2023-0687,matched
799,INV-2023-0688,1081.000000,PAPP-2023-0688,PAY-2023-0688,matched
801,INV-2023-0689,720.000000,PAPP-2023-0689,PAY-2023-0689,matched
802,INV-2023-0690,1056.000000,PAPP-2023-0690,PAY-2023-0690,matched
803,INV-2023-0691,961.000000,PAPP-2023-0691,PAY-2023-0691,matched
804,INV-2023-0692,1152.000000,PAPP-2023-0692,PAY-2023-0692,matched
,INV-2023-0693,3503.000000,PAPP-2023-0693,PAY-2023-0693,partially_matched
805,INV-2023-0694,956.000000,PAPP-2023-0694,PAY-2023-0694,matched
806,INV-2023-0695,1121.000000,PAPP-2023-0695,PAY-2023-0695,matched
807,INV-2023-0696,1144.000000,PAPP-2023-0696,PAY-2023-0696,matched
808,INV-2023-0697,1196.000000,PAPP-2023-0697,PAY-2023-0697,matched
809,INV-2023-0698,711.000000,PAPP-2023-0698,PAY-2023-0698,matched
810,INV-2023-0699,1191.000000,PAPP-2023-0699,PAY-2023-0699,matched
811,INV-2023-0700,771.000000,PAPP-2023-0700,PAY-2023-0700,matched
813,INV-2023-0701,1008.000000,PAPP-2023-0701,PAY-2023-0701,matched
815,INV-2023-0702,1199.000000,PAPP-2023-0702,PAY-2023-0702,matched
817,INV-2023-0703,880.000000,PAPP-2023-0703,PAY-2023-0703,matched
818,INV-2023-0704,1077.000000,PAPP-2023-0704,PAY-2023-0704,matched
819,INV-2023-0705,745.000000,PAPP-2023-0705,PAY-2023-0705,matched
820,INV-2023-0706,921.000000,PAPP-2023-0706,PAY-2023-0706,matched
822,INV-2023-0707,1039.000000,PAPP-2023-0707,PAY-2023-0707,matched
823,INV-2023-0708,865.000000,PAPP-2023-0708,PAY-2023-0708,matched
824,INV-2023-0709,1143.000000,PAPP-2023-0709,PAY-2023-0709,matched
826,INV-2023-0710,1043.000000,PAPP-2023-0710,PAY-2023-0710,matched
827,INV-2023-0711,763.000000,PAPP-2023-0711,PAY-2023-0711,matched
828,INV-2023-0712,771.000000,PAPP-2023-0712,PAY-2023-0712,matched
829,INV-2023-0713,1177.000000,PAPP-2023-0713,PAY-2023-0713,matched
830,INV-2023-0714,1065.000000,PAPP-2023-0714,PAY-2023-0714,matched
831,INV-2023-0715,865.000000,PAPP-2023-0715,PAY-2023-0715,matched
832,INV-2023-0716,1000.000000,PAPP-2023-0716,PAY-2023-0716,matched
833,INV-2023-0717,801.000000,PAPP-2023-0717,PAY-2023-0717,matched
834,INV-2023-0718,966.000000,PAPP-2023-0718,PAY-2023-0718,matched
835,INV-2023-0719,787.000000,PAPP-2023-0719,PAY-2023-0719,matched
837,INV-2023-0720,745.000000,PAPP-2023-0720,PAY-2023-0720,matched
839,INV-2023-0721,847.000000,PAPP-2023-0721,PAY-2023-0721,matched
840,INV-2023-0722,1123.000000,PAPP-2023-0722,PAY-2023-0722,matched
842,INV-2023-0723,924.000000,PAPP-2023-0723,PAY-2023-0723,matched
,INV-2023-0724,5008.000000,PAPP-2023-0724,PAY-2023-0724,partially_matched
844,INV-2023-0725,853.000000,PAPP-2023-0725,PAY-2023-0725,matched
845,INV-2023-0726,893.000000,PAPP-2023-0726,PAY-2023-0726,matched
846,INV-2023-0727,789.000000,PAPP-2023-0727,PAY-2023-0727,matched
847,INV-2023-0728,1197.000000,PAPP-2023-0728,PAY-2023-0728,matched
848,INV-2023-0729,805.000000,PAPP-2023-0729,PAY-2023-0729,matched
850,INV-2023-0730,1016.000000,PAPP-2023-0730,PAY-2023-0730,matched
851,INV-2023-0731,1089.000000,PAPP-2023-0731,PAY-2023-0731,matched
852,INV-2023-0732,772.000000,PAPP-2023-0732,PAY-2023-0732,matched
854,INV-2023-0733,903.000000,PAPP-2023-0733,PAY-2023-0733,matched
855,INV-2023-0734,877.000000,PAPP-2023-0734,PAY-2023-0734,matched
856,INV-2023-0735,783.000000,PAPP-2023-0735,PAY-2023-0735,matched
857,INV-2023-0736,950.000000,PAPP-2023-0736,PAY-2023-0736,matched
858,INV-2023-0737,1158.000000,PAPP-2023-0737,PAY-2023-0737,matched
859,INV-2023-0738,1087.000000,PAPP-2023-0738,PAY-2023-0738,matched
860,INV-2023-0739,721.000000,PAPP-2023-0739,PAY-2023-0739,matched
861,INV-2023-0740,702.000000,PAPP-2023-0740,PAY-2023-0740,matched
863,INV-2023-0741,713.000000,PAPP-2023-0741,PAY-2023-0741,matched
865,INV-2023-0742,1096.000000,PAPP-2023-0742,PAY-2023-0742,matched
866,INV-2023-0743,942.000000,PAPP-2023-0743,PAY-2023-0743,matched
867,INV-2023-0744,754.000000,PAPP-2023-0744,PAY-2023-0744,matched
868,INV-2023-0745,872.000000,PAPP-2023-0745,PAY-2023-0745,matched
870,INV-2023-0746,882.000000,PAPP-2023-0746,PAY-2023-0746,matched
872,INV-2023-0747,1153.000000,PAPP-2023-0747,PAY-2023-0747,matched
873,INV-2023-0748,849.000000,PAPP-2023-0748,PAY-2023-0748,matched
874,INV-2023-0749,1011.000000,PAPP-2023-0749,PAY-2023-0749,matched
875,INV-2023-0750,830.000000,PAPP-2023-0750,PAY-2023-0750,matched
877,INV-2023-0751,1144.000000,PAPP-2023-0751,PAY-2023-0751,matched
879,INV-2023-0752,1090.000000,PAPP-2023-0752,PAY-2023-0752,matched
880,INV-2023-0753,1049.000000,PAPP-2023-0753,PAY-2023-0753,matched
881,INV-2023-0754,1141.000000,PAPP-2023-0754,PAY-2023-0754,matched
